<assembly
        xmlns="http://maven.apache.org/plugins/maven-assembly-plugin/assembly/1.1.3"
        xmlns:xsi="http://www.w3.org/2001/XMLSchema-instance"
        xsi:schemaLocation="http://maven.apache.org/plugins/maven-assembly-plugin/assembly/1.1.3 http://maven.apache.org/xsd/assembly-1.1.3.xsd">
    <id>ourAssembly</id>
    <formats>
        <format>zip</format>
    </formats>
    <fileSets>
        <fileSet>
            <directory>${basedir}</directory>
            <includes>
                <include>*.zip</include>
            </includes>
        </fileSet>
        <fileSet>
            <directory>${basedir}/target</directory>
            <includes>
                <include>anoroc-perf-cli-*.jar</include>
            </includes>
        </fileSet>
    </fileSets>
</assembly>